contrast,k1,n1,rate1,k2,n2,rate2,odds_ratio,p_raw
A>B,17,130,0.13076923076923078,199,365,0.5452054794520548,0.1254947302886112,1.0
A>C,17,130,0.13076923076923078,59,81,0.7283950617283951,0.056097195140242986,1.0
A>D,17,130,0.13076923076923078,249,551,0.4519056261343013,0.18246437075736574,0.99999999999985
A>E,17,130,0.13076923076923078,181,596,0.3036912751677852,0.3449371730308512,0.9999937380951625
A>F,17,130,0.13076923076923078,28,81,0.345679012345679,0.28476611883691527,0.9999378757015894
A>G,17,130,0.13076923076923078,28,128,0.21875,0.5372945638432364,0.9789897660324506
B>A,199,365,0.5452054794520548,17,130,0.13076923076923078,7.968462083628633,9.893185394946989e-18
B>C,199,365,0.5452054794520548,59,81,0.7283950617283951,0.4470083724729426,0.999327586248781
B>D,199,365,0.5452054794520548,249,551,0.4519056261343013,1.453960419993226,0.0034745256374591952
B>E,199,365,0.5452054794520548,181,596,0.3036912751677852,2.748618784530387,9.90238549152841e-14
B>F,199,365,0.5452054794520548,28,81,0.345679012345679,2.2691480206540446,0.0008385051917345082
B>G,199,365,0.5452054794520548,28,128,0.21875,4.281411359724613,6.297871084926029e-11
C>A,59,81,0.7283950617283951,17,130,0.13076923076923078,17.82620320855615,7.280188220248061e-19
C>B,59,81,0.7283950617283951,199,365,0.5452054794520548,2.2370945637277297,0.0016135752979242522
C>D,59,81,0.7283950617283951,249,551,0.4519056261343013,3.252646951442132,2.2314980042231255e-06
C>E,59,81,0.7283950617283951,181,596,0.3036912751677852,6.148920140632848,2.749046280630679e-13
C>F,59,81,0.7283950617283951,28,81,0.345679012345679,5.076298701298701,8.636305561983318e-07
C>G,59,81,0.7283950617283951,28,128,0.21875,9.577922077922079,2.314367290468279e-13
D>A,249,551,0.4519056261343013,17,130,0.13076923076923078,5.4805220101285546,8.458475976301878e-13
D>C,249,551,0.4519056261343013,59,81,0.7283950617283951,0.3074419126725783,0.999999345620217
D>E,249,551,0.4519056261343013,181,596,0.3036912751677852,1.8904357689071019,1.47635324176738e-07
D>F,249,551,0.4519056261343013,28,81,0.345679012345679,1.560666982024598,0.045653327332073765
D>G,249,551,0.4519056261343013,28,128,0.21875,2.944654683065279,5.354552462307332e-07
E>A,181,596,0.3036912751677852,17,130,0.13076923076923078,2.899078667611623,1.9068226119573306e-05
E>C,181,596,0.3036912751677852,59,81,0.7283950617283951,0.16263018174392485,0.9999999999999567
E>D,181,596,0.3036912751677852,249,551,0.4519056261343013,0.528978564861857,0.9999999236085174
E>F,181,596,0.3036912751677852,28,81,0.345679012345679,0.8255593803786575,0.8154533502509667
F>A,28,81,0.345679012345679,17,130,0.13076923076923078,3.51165371809101,0.00023694892741229413
F>B,28,81,0.345679012345679,199,365,0.5452054794520548,0.44069403621883,0.9996538724570545
F>C,28,81,0.345679012345679,59,81,0.7283950617283951,0.19699392388871123,0.999999839774364
F>D,28,81,0.345679012345679,249,551,0.4519056261343013,0.6407516859892399,0.973408139897478
F>E,28,81,0.345679012345679,181,596,0.3036912751677852,1.2112999061815908,0.25899802811294625
F>G,28,81,0.345679012345679,28,128,0.21875,1.8867924528301887,0.032239727835119476
G>A,28,128,0.21875,17,130,0.13076923076923078,1.8611764705882352,0.04442812025670322
G>B,28,128,0.21875,199,365,0.5452054794520548,0.2335678391959799,0.999999999985738
G>C,28,128,0.21875,59,81,0.7283950617283951,0.10440677966101695,0.9999999999999768
G>D,28,128,0.21875,249,551,0.4519056261343013,0.33959839357429716,0.9999998250101468
G>E,28,128,0.21875,181,596,0.3036912751677852,0.6419889502762431,0.9806955072181665
G>F,28,128,0.21875,28,81,0.345679012345679,0.53,0.9848240060175001
