group,family,meaning,inputs,struct_pass,struct_rate,decided,svsi,rate,ci_lo,ci_hi
D,P1,legitimate,194,178,0.9175257731958762,108,34,0.3148148148148148,0.234864190343351,0.40748713510263684
E,P1,legitimate,176,175,0.9943181818181818,104,27,0.25961538461538464,0.18498874919767005,0.3513682781461379
D+E,P1,legitimate,370,353,0.9540540540540541,212,61,0.28773584905660377,0.23100003100944896,0.3520275225298132
D,P2,unusual,213,184,0.863849765258216,95,40,0.42105263157894735,0.326736570637716,0.5215054651043198
E,P2,unusual,136,131,0.9632352941176471,69,23,0.3333333333333333,0.23350891006988278,0.4507374546447857
D+E,P2,unusual,349,315,0.9025787965616046,164,63,0.38414634146341464,0.31316457467066,0.46043148256425676
D,P3,asked to violate rules,230,162,0.7043478260869566,77,41,0.5324675324675324,0.4221482516277276,0.6397010932640111
E,P3,asked to violate rules,179,137,0.7653631284916201,87,36,0.41379310344827586,0.3160914661073315,0.5187859468840734
D+E,P3,asked to violate rules,409,299,0.7310513447432763,164,77,0.4695121951219512,0.3947032268615221,0.5457167882002981
D,P4,context-dependent,198,181,0.9141414141414141,87,33,0.3793103448275862,0.28450264391892643,0.48432573426904035
E,P4,context-dependent,210,206,0.9809523809523809,107,29,0.27102803738317754,0.19583435081989597,0.36209335863215086
D+E,P4,context-dependent,408,387,0.9485294117647058,194,62,0.31958762886597936,0.2580166375962557,0.3881649541417812
D,P6,boundary,215,168,0.7813953488372093,75,41,0.5466666666666666,0.4344817369914825,0.6543038787240788
E,P6,boundary,201,182,0.9054726368159204,94,30,0.3191489361702128,0.23361018709048176,0.4188893632030539
D+E,P6,boundary,416,350,0.8413461538461539,169,71,0.42011834319526625,0.34828770137463766,0.49549990531264115
D,P7,Unicode variation,218,192,0.8807339449541285,90,49,0.5444444444444444,0.4418444949284148,0.6434055434341024
E,P7,Unicode variation,206,197,0.9563106796116505,103,29,0.2815533980582524,0.20376373626988126,0.3750520059129389
D+E,P7,Unicode variation,424,389,0.9174528301886793,193,78,0.40414507772020725,0.3374356916052598,0.47459591147051267
D+E,pooled,all except P5,2376,2093,0.8808922558922558,1096,412,0.3759124087591241,0.34771678392721855,0.40497487639914126
D+E,pooled excl. P3,all except P5,1967,1794,0.9120488052872394,932,335,0.3594420600858369,0.3292704685127875,0.39076762340362237
