design,fold,threshold,n,tp,fp,fn,tn,recall,precision,fpr,fnr,f1
EMB,0,0.46699807869719423,121,0,0,52,69,0.0,,0.0,1.0,
EMB,1,0.46699807869719423,122,0,0,69,53,0.0,,0.0,1.0,
EMB,2,0.46328553120993166,107,0,0,55,52,0.0,,0.0,1.0,
EMB,3,0.4444385696785206,111,13,16,36,46,0.2653061224489796,0.4482758620689655,0.25806451612903225,0.7346938775510203,0.3333333333333333
EMB,4,0.46699807869719423,112,0,1,36,75,0.0,0.0,0.013157894736842105,1.0,
HYB,0,0.46699807869719423,121,0,0,52,69,0.0,,0.0,1.0,
HYB,1,0.46699807869719423,122,2,0,67,53,0.028985507246376812,1.0,0.0,0.9710144927536232,0.05633802816901409
HYB,2,0.46328553120993166,107,35,0,20,52,0.6363636363636364,1.0,0.0,0.36363636363636365,0.7777777777777778
HYB,3,0.4444385696785206,111,13,16,36,46,0.2653061224489796,0.4482758620689655,0.25806451612903225,0.7346938775510203,0.3333333333333333
HYB,4,0.46699807869719423,112,16,1,20,75,0.4444444444444444,0.9411764705882353,0.013157894736842105,0.5555555555555556,0.6037735849056604
JUDGE,0,0.995,121,1,2,51,67,0.019230769230769232,0.3333333333333333,0.028985507246376812,0.9807692307692307,0.03636363636363637
JUDGE,1,0.995,122,0,1,69,52,0.0,0.0,0.018867924528301886,1.0,
JUDGE,2,0.995,107,2,0,53,52,0.03636363636363636,1.0,0.0,0.9636363636363636,0.07017543859649122
JUDGE,3,0.995,111,1,0,48,62,0.02040816326530612,1.0,0.0,0.9795918367346939,0.039999999999999994
JUDGE,4,0.995,112,13,0,23,76,0.3611111111111111,1.0,0.0,0.6388888888888888,0.5306122448979591
R,0,1.0,121,0,0,52,69,0.0,,0.0,1.0,
R,1,1.0,122,2,0,67,53,0.028985507246376812,1.0,0.0,0.9710144927536232,0.05633802816901409
R,2,1.0,107,35,0,20,52,0.6363636363636364,1.0,0.0,0.36363636363636365,0.7777777777777778
R,3,1.0,111,0,0,49,62,0.0,,0.0,1.0,
R,4,1.0,112,16,0,20,76,0.4444444444444444,1.0,0.0,0.5555555555555556,0.6153846153846153
SLM,0,0.975,121,0,0,52,69,0.0,,0.0,1.0,
SLM,1,0.975,122,0,1,69,52,0.0,0.0,0.018867924528301886,1.0,
SLM,2,0.975,107,1,0,54,52,0.01818181818181818,1.0,0.0,0.9818181818181818,0.03571428571428572
SLM,3,0.975,111,3,0,46,62,0.061224489795918366,1.0,0.0,0.9387755102040817,0.11538461538461538
SLM,4,0.975,112,1,1,35,75,0.027777777777777776,0.5,0.013157894736842105,0.9722222222222222,0.05263157894736842
