rule,designed_violations,judge_caught,recall,recall_lo,recall_hi,valid_inputs,judge_false_positives,fpr
B-BK-7,5,5,1.0,0.5655085052479191,1.0000000000000002,8,2,0.25
B-CO-4,5,4,0.8,0.3755282641185388,0.9637768390302125,8,0,0.0
B-PR-5,5,5,1.0,0.5655085052479191,1.0000000000000002,7,0,0.0
B-CO-7,5,5,1.0,0.5655085052479191,1.0000000000000002,8,7,0.875
B-CO-5,5,3,0.6,0.23071993220883708,0.8823817688407467,8,0,0.0
B-PR-6,5,5,1.0,0.5655085052479191,1.0000000000000002,8,1,0.125
B-SE-3,5,5,1.0,0.5655085052479191,1.0000000000000002,8,0,0.0
B-TK-3,3,0,0.0,0.0,0.5615060804490177,8,0,0.0
B-CH-2,3,2,0.6666666666666666,0.2076549551264879,0.9385096847238394,8,0,0.0
B-TK-5,3,1,0.3333333333333333,0.0614903152761605,0.7923450448735121,8,0,0.0
B-CH-1,2,2,1.0,0.34237195288961925,1.0,8,0,0.0
B-TK-2,2,1,0.5,0.09452865480086614,0.9054713451991339,8,0,0.0
B-RV-3,2,1,0.5,0.09452865480086614,0.9054713451991339,8,1,0.125
B-TK-4,2,2,1.0,0.34237195288961925,1.0,8,8,1.0
B-RV-4,2,1,0.5,0.09452865480086614,0.9054713451991339,8,0,0.0
B-BK-8,1,1,1.0,0.20654329147389294,1.0,8,0,0.0
B-RV-6,1,1,1.0,0.20654329147389294,1.0,8,0,0.0
