config,concurrency,endpoint,rep,requests,ok_2xx,non2xx,errors,saturated,p50,p90,p97_5,p99,mean,rps,layer_calls_ok,layer_calls_failed
EMB,1,courses,1,1180,1180,0,0,0,46,61,96,129,50.15,19.67,1356,0
EMB,1,courses,2,1128,1128,0,0,0,48,63,93,177,52.55,18.8,1315,0
EMB,1,courses,3,1155,1155,0,0,0,47,61,83,165,51.32,19.25,1348,0
EMB,1,profile,1,956,956,0,0,0,57,70,93,148,62.06,15.94,1122,0
EMB,1,profile,2,955,955,0,0,0,56,71,116,192,62.19,15.92,1108,0
EMB,1,profile,3,907,907,0,0,0,59,75,102,160,65.51,15.12,1071,0
EMB,1,reviews,1,791,791,0,0,0,67,85,127,255,75.17,13.19,934,0
EMB,1,reviews,2,793,793,0,0,0,70,86,112,185,74.97,13.22,909,0
EMB,1,reviews,3,802,802,0,0,0,68,84,136,211,74.15,13.37,946,0
EMB,8,courses,1,1854,1854,0,0,0,244,295,412,554,257.34,30.9,2122,0
EMB,8,courses,2,1336,1336,0,0,0,275,352,1431,2731,357.9,22.27,1621,0
EMB,8,courses,3,1676,1676,0,0,0,272,309,444,600,284.99,27.94,1949,0
EMB,8,profile,1,1370,1370,0,0,0,329,391,550,783,347.66,22.84,1618,0
EMB,8,profile,2,1181,1181,0,0,0,356,491,1167,1374,404.46,19.69,1401,0
EMB,8,profile,3,1233,1233,0,0,0,355,441,787,1093,387.35,20.55,1474,0
EMB,8,reviews,1,1146,1146,0,0,0,398,445,656,865,416.88,19.11,1347,0
EMB,8,reviews,2,962,962,0,0,0,443,562,1084,2050,496.69,16.04,1138,0
EMB,8,reviews,3,764,764,0,0,0,463,993,2751,3227,627.43,12.74,957,0
HYB,1,courses,1,1135,1135,0,0,0,46,59,93,171,52.18,18.92,1360,0
HYB,1,courses,2,1233,1233,0,0,0,44,57,79,146,48,20.55,1430,0
HYB,1,courses,3,1152,1152,0,0,0,46,59,103,186,51.43,19.2,1332,0
HYB,1,profile,1,962,962,0,0,0,58,72,89,127,61.69,16.04,1107,0
HYB,1,profile,2,937,937,0,0,0,56,71,100,193,63.38,15.62,1095,0
HYB,1,profile,3,833,833,0,0,0,60,81,174,313,71.31,13.89,1013,0
HYB,1,reviews,1,893,893,0,0,0,63,73,94,187,66.53,14.89,1034,0
HYB,1,reviews,2,767,767,0,0,0,65,99,182,275,77.56,12.79,917,0
HYB,1,reviews,3,815,815,0,0,0,68,82,113,228,72.93,13.59,955,0
HYB,8,courses,1,1661,1661,0,0,0,267,338,453,620,287.6,27.69,1979,0
HYB,8,courses,2,1740,1740,0,0,0,249,359,553,604,274.53,29,1998,0
HYB,8,courses,3,2030,2030,0,0,0,227,255,347,472,235.28,33.84,2381,0
HYB,8,profile,1,1239,1239,0,0,0,349,432,787,1176,385.69,20.65,1433,0
HYB,8,profile,2,1390,1390,0,0,0,325,391,563,677,342.83,23.17,1638,0
HYB,8,profile,3,1377,1377,0,0,0,308,388,752,1056,346.91,22.95,1632,0
HYB,8,reviews,1,1049,1049,0,0,0,434,537,729,832,455.47,17.49,1242,0
HYB,8,reviews,2,1060,1060,0,0,0,425,523,772,846,450.25,17.67,1257,0
HYB,8,reviews,3,1194,1194,0,0,0,390,427,502,684,399.99,19.9,1410,0
JUDGE,1,courses,1,8,8,0,0,0,7185,9527,9527,9527,7193.75,0.14,10,0
JUDGE,1,courses,2,8,8,0,0,0,6647,10214,10214,10214,7201.13,0.14,10,0
JUDGE,1,courses,3,6,6,0,0,0,7212,16230,16230,16230,8898.34,0.1,8,0
JUDGE,1,profile,1,20,20,0,0,0,1920,4075,11469,11469,2923.2,0.34,23,0
JUDGE,1,profile,2,31,31,0,0,0,1632,2128,7715,7715,1914.65,0.52,36,0
JUDGE,1,profile,3,33,33,0,0,0,1567,1914,7524,7524,1798.64,0.56,35,0
JUDGE,1,reviews,1,6,6,0,0,0,8065,10855,10855,10855,8690.84,0.1,7,0
JUDGE,1,reviews,2,7,7,0,0,0,7724,13959,13959,13959,8566.15,0.12,9,0
JUDGE,1,reviews,3,8,8,0,0,0,6769,10274,10274,10274,7191.25,0.14,10,0
JUDGE,8,courses,1,0,0,0,0,1,nan,nan,nan,nan,nan,0,9,0
JUDGE,8,courses,2,0,0,0,0,1,nan,nan,nan,nan,nan,0,9,0
JUDGE,8,courses,3,0,0,0,0,1,nan,nan,nan,nan,nan,0,8,0
JUDGE,8,profile,1,23,23,0,0,0,18170,22141,23951,23951,17784.44,0.39,37,0
JUDGE,8,profile,2,32,32,0,0,0,12410,18091,22467,22467,13502.6,0.54,46,0
JUDGE,8,profile,3,18,18,0,0,0,14438,40080,41792,41792,23737.95,0.3,30,0
JUDGE,8,reviews,1,0,0,0,0,1,nan,nan,nan,nan,nan,0,9,0
JUDGE,8,reviews,2,0,0,0,0,1,nan,nan,nan,nan,nan,0,9,0
JUDGE,8,reviews,3,1,1,0,0,0,58755,58755,58755,58755,58755,0.02,10,0
R,1,courses,1,2758,2758,0,0,0,20,24,29,46,21.05,45.97,3200,0
R,1,courses,2,2974,2974,0,0,0,19,22,28,44,19.53,49.57,3475,0
R,1,courses,3,2737,2737,0,0,0,21,24,29,41,21.22,45.62,3192,0
R,1,profile,1,2511,2511,0,0,0,22,27,33,49,23.22,41.85,2926,0
R,1,profile,2,2642,2642,0,0,0,22,25,31,43,22.02,44.04,3071,0
R,1,profile,3,2408,2408,0,0,0,22,26,42,101,24.2,40.14,2861,0
R,1,reviews,1,2564,2564,0,0,0,22,26,31,45,22.7,42.74,3028,0
R,1,reviews,2,2654,2654,0,0,0,21,25,31,46,21.92,44.24,3077,0
R,1,reviews,3,2584,2584,0,0,0,22,26,31,42,22.51,43.07,2994,0
R,8,courses,1,2872,2872,0,0,0,148,273,315,459,166.22,47.87,3366,0
R,8,courses,2,2855,2855,0,0,0,149,275,317,492,167.23,47.59,3341,0
R,8,courses,3,2772,2772,0,0,0,151,288,325,497,172.3,46.2,3241,0
R,8,profile,1,2703,2703,0,0,0,156,291,341,518,176.72,45.05,3178,0
R,8,profile,2,2687,2687,0,0,0,158,292,340,524,177.73,44.79,3175,0
R,8,profile,3,2624,2624,0,0,0,160,303,342,470,181.98,43.74,3087,0
R,8,reviews,1,2673,2673,0,0,0,154,289,347,561,178.63,44.55,3079,0
R,8,reviews,2,2631,2631,0,0,0,161,295,345,462,181.05,43.85,3071,0
R,8,reviews,3,2503,2503,0,0,0,161,315,433,679,190.79,41.72,2947,0
SLM,1,courses,1,105,105,0,0,0,547,583,789,937,566.52,1.75,123,0
SLM,1,courses,2,105,105,0,0,0,553,604,769,827,568.64,1.75,124,0
SLM,1,courses,3,104,104,0,0,0,547,608,1120,1121,574.48,1.74,124,0
SLM,1,profile,1,103,103,0,0,0,553,611,848,997,581.88,1.72,120,0
SLM,1,profile,2,106,106,0,0,0,552,599,687,710,563.27,1.77,124,0
SLM,1,profile,3,106,106,0,0,0,552,596,645,733,563.2,1.77,125,0
SLM,1,reviews,1,104,104,0,0,0,555,620,729,835,572.54,1.74,121,0
SLM,1,reviews,2,105,105,0,0,0,553,589,651,1026,570.85,1.75,124,0
SLM,1,reviews,3,103,103,0,0,0,554,637,826,840,577.95,1.72,121,0
SLM,8,courses,1,104,104,0,0,0,4295,4496,7107,7637,4446.93,1.74,130,0
SLM,8,courses,2,103,103,0,0,0,4294,4847,7326,7859,4495.43,1.72,130,0
SLM,8,courses,3,102,102,0,0,0,4313,4983,7178,7711,4545.84,1.7,129,0
SLM,8,profile,1,102,102,0,0,0,4340,4623,7656,8087,4523.29,1.7,129,0
SLM,8,profile,2,101,101,0,0,0,4354,5237,7257,7803,4590.34,1.69,127,0
SLM,8,profile,3,99,99,0,0,0,4373,6170,6989,8173,4661.18,1.65,126,0
SLM,8,reviews,1,101,101,0,0,0,4374,4912,7513,8048,4597.64,1.69,128,0
SLM,8,reviews,2,102,102,0,0,0,4365,4663,7194,7721,4530.76,1.7,128,0
SLM,8,reviews,3,101,101,0,0,0,4336,4676,7870,8406,4568.38,1.69,127,0
structural,1,courses,1,2848,2848,0,0,0,20,23,28,41,20.38,47.47,0,0
structural,1,courses,2,2845,2845,0,0,0,19,24,27,45,20.4,47.42,0,0
structural,1,courses,3,2788,2788,0,0,0,20,24,29,45,20.83,46.47,0,0
structural,1,profile,1,2244,2244,0,0,0,21,27,135,170,26.1,37.4,0,0
structural,1,profile,2,2576,2576,0,0,0,21,25,32,127,22.61,42.94,0,0
structural,1,profile,3,2732,2732,0,0,0,20,25,30,44,21.28,45.54,0,0
structural,1,reviews,1,2765,2765,0,0,0,20,24,31,43,21.05,46.09,0,0
structural,1,reviews,2,2717,2717,0,0,0,20,25,30,44,21.41,45.29,0,0
structural,1,reviews,3,2739,2739,0,0,0,20,25,32,44,21.24,45.65,0,0
structural,8,courses,1,2913,2913,0,0,0,145,270,316,483,163.86,48.55,0,0
structural,8,courses,2,2897,2897,0,0,0,146,264,322,450,164.84,48.29,0,0
structural,8,courses,3,2814,2814,0,0,0,149,280,324,481,169.61,46.9,0,0
structural,8,profile,1,2503,2503,0,0,0,151,294,680,1001,190.79,41.72,0,0
structural,8,profile,2,2614,2614,0,0,0,156,289,406,689,182.74,43.57,0,0
structural,8,profile,3,2494,2494,0,0,0,160,310,477,735,191.51,41.57,0,0
structural,8,reviews,1,2738,2738,0,0,0,155,290,326,415,173.77,45.64,0,0
structural,8,reviews,2,2904,2904,0,0,0,148,261,333,465,164.46,48.4,0,0
structural,8,reviews,3,2640,2640,0,0,0,161,303,346,496,180.79,44,0,0
